--
-- PostgreSQL database dump
--

SET statement_timeout = 0;
SET client_encoding = 'UTF8';
SET standard_conforming_strings = on;
SET check_function_bodies = false;
SET client_min_messages = warning;

--
-- Name: plpgsql; Type: EXTENSION; Schema: -; Owner: -
--

CREATE EXTENSION IF NOT EXISTS plpgsql WITH SCHEMA pg_catalog;


--
-- Name: EXTENSION plpgsql; Type: COMMENT; Schema: -; Owner: -
--

COMMENT ON EXTENSION plpgsql IS 'PL/pgSQL procedural language';


SET search_path = public, pg_catalog;

SET default_tablespace = '';

SET default_with_oids = false;

--
-- Name: evaluations; Type: TABLE; Schema: public; Owner: -; Tablespace: 
--

CREATE TABLE evaluations (
    id bigint NOT NULL,
    userid bigint NOT NULL,
    matcheid bigint NOT NULL,
    goals1 integer,
    goals2 integer
);


--
-- Name: matches; Type: TABLE; Schema: public; Owner: -; Tablespace: 
--

CREATE TABLE matches (
    id bigint NOT NULL,
    name character varying(40),
    team1id bigint NOT NULL,
    team2id bigint NOT NULL,
    team1goals integer,
    team2goals integer,
    date date,
    "time" time without time zone
);


--
-- Name: matchsetmatches; Type: TABLE; Schema: public; Owner: -; Tablespace: 
--

CREATE TABLE matchsetmatches (
    matchsetid bigint NOT NULL,
    matchid bigint NOT NULL
);


--
-- Name: matchsets; Type: TABLE; Schema: public; Owner: -; Tablespace: 
--

CREATE TABLE matchsets (
    id bigint NOT NULL,
    date date,
    title character varying(40)
);


--
-- Name: passwords; Type: TABLE; Schema: public; Owner: -; Tablespace: 
--

CREATE TABLE passwords (
    userid bigint NOT NULL,
    password character varying(40)
);


--
-- Name: profiles; Type: TABLE; Schema: public; Owner: -; Tablespace: 
--

CREATE TABLE profiles (
    id bigint NOT NULL,
    name character varying(40)
);


--
-- Name: teams; Type: TABLE; Schema: public; Owner: -; Tablespace: 
--

CREATE TABLE teams (
    id bigint NOT NULL,
    name character varying(40)
);


--
-- Name: users; Type: TABLE; Schema: public; Owner: -; Tablespace: 
--

CREATE TABLE users (
    id bigint NOT NULL,
    email character(40) NOT NULL,
    firstname character(40),
    lastname character(40),
    purse character varying(20),
    active boolean,
    profileid bigint
);


--
-- Data for Name: evaluations; Type: TABLE DATA; Schema: public; Owner: -
--

COPY evaluations (id, userid, matcheid, goals1, goals2) FROM stdin;
1	0	4	5	1
2	1	4	6	1
\.


--
-- Data for Name: matches; Type: TABLE DATA; Schema: public; Owner: -
--

COPY matches (id, name, team1id, team2id, team1goals, team2goals, date, "time") FROM stdin;
1	Test 1	12	0	0	0	2013-09-21	23:37:00
2	Test 2	13	15	0	0	2013-09-21	23:38:00
3	Test 3	13	3	0	0	2013-09-20	23:39:00
4	Test 4	15	5	0	0	2013-09-22	23:40:00
5	Test 5	12	5	0	0	2013-09-21	00:21:00
6	Test 6	15	6	0	0	2013-09-21	00:21:00
7	Test 7	2	13	0	0	2013-09-21	00:21:00
8	Test 8	10	9	0	0	2013-09-21	03:22:00
9	Test 10	1	12	0	0	2013-09-21	00:23:00
10	Test 9	1	6	0	0	2013-09-21	00:23:00
\.


--
-- Data for Name: matchsetmatches; Type: TABLE DATA; Schema: public; Owner: -
--

COPY matchsetmatches (matchsetid, matchid) FROM stdin;
1	1
1	2
3	3
4	4
1	5
1	6
1	7
1	8
1	9
1	10
\.


--
-- Data for Name: matchsets; Type: TABLE DATA; Schema: public; Owner: -
--

COPY matchsets (id, date, title) FROM stdin;
1	2013-09-21	\N
3	2013-09-20	\N
4	2013-09-22	\N
\.


--
-- Data for Name: passwords; Type: TABLE DATA; Schema: public; Owner: -
--

COPY passwords (userid, password) FROM stdin;
0	erbnruqp
1	test
\.


--
-- Data for Name: profiles; Type: TABLE DATA; Schema: public; Owner: -
--

COPY profiles (id, name) FROM stdin;
0	Admin
1	User
\.


--
-- Data for Name: teams; Type: TABLE DATA; Schema: public; Owner: -
--

COPY teams (id, name) FROM stdin;
0	Реал Мадрид
1	Милан
2	Бавария
3	Ливерпуль
4	Барселона
5	Аякс
6	Интернационале
7	Манчестер Юнайтед
8	Бенифика Лиссабон
9	Ювентус
10	Ноттингем Форест
11	Порту
12	Гамбург
13	Стяуа
14	Марсель
15	Боруссия Дортмунд
16	123123123123
17	e3345345
18	45456
19	456456
20	aerwerwerw
21	qweqwe
22	asdd
\.


--
-- Data for Name: users; Type: TABLE DATA; Schema: public; Owner: -
--

COPY users (id, email, firstname, lastname, purse, active, profileid) FROM stdin;
0	l.k.parfiankou@gmail.com                	Kiryl                                   	Parfiankou                              	\N	\N	0
1	t@t.com                                 	Test                                    	test                                    	123123123	t	1
\.


--
-- Name: evalusations_pkey; Type: CONSTRAINT; Schema: public; Owner: -; Tablespace: 
--

ALTER TABLE ONLY evaluations
    ADD CONSTRAINT evalusations_pkey PRIMARY KEY (id);


--
-- Name: matches_pkey; Type: CONSTRAINT; Schema: public; Owner: -; Tablespace: 
--

ALTER TABLE ONLY matches
    ADD CONSTRAINT matches_pkey PRIMARY KEY (id);


--
-- Name: passwords_pkey; Type: CONSTRAINT; Schema: public; Owner: -; Tablespace: 
--

ALTER TABLE ONLY passwords
    ADD CONSTRAINT passwords_pkey PRIMARY KEY (userid);


--
-- Name: profiles_pkey; Type: CONSTRAINT; Schema: public; Owner: -; Tablespace: 
--

ALTER TABLE ONLY profiles
    ADD CONSTRAINT profiles_pkey PRIMARY KEY (id);


--
-- Name: team_pkey; Type: CONSTRAINT; Schema: public; Owner: -; Tablespace: 
--

ALTER TABLE ONLY teams
    ADD CONSTRAINT team_pkey PRIMARY KEY (id);


--
-- Name: users_pkey; Type: CONSTRAINT; Schema: public; Owner: -; Tablespace: 
--

ALTER TABLE ONLY users
    ADD CONSTRAINT users_pkey PRIMARY KEY (id);


--
-- PostgreSQL database dump complete
--

